songtitle;lyrics
Elverskud;"""Oluf rider om Otte,
men lysen Dag hannem totte.
Men Dansen den gaar saa let gjennem Lunden.

Hr. Oluf rider frem ad Bjærge,
dèr danse Elver og Dværge.

Dér danser Dværg, og dèr danser Elv,
dèr danser hun Elvedronningen selv.

Der traad en Jomfru af den Dans,
hun lagde sin Arm om Hr. Olufs Hals.

»Hør I, Hr. Oluf hin blide!
hvort lyster eder nu at ride?«

»Jeg vil ride mig under Ø,
at tale med min Fæstemø.«

Den Jomfru rækker Haand fra sig:
»Alt skal I først, Hr. Oluf! danse med mig.«

»Ikke jeg tør, og ikke jeg maa:
i Morgen skal mit Bryllup staa.«

»Hr. Oluf! ville I mig love,
jeg giver eder rige Gave.

Jeg vil eder give en Ganger graa,
han gaar en Time til Rom og fraa.

Den Ganger graa skulle I vel faa,
og Sadel af Guld, at lægge derpaa.

Jeg giver eder en Brynje ny:
I tørve aldrig for nogen Mand fly.

Jeg giver eder saa godt et Sværd,
der kom aldrig sligt i Herrefærd.

Og slige ere alle mine Bænke,
som Guld, var lagt i Lænke.

Slige ere alle mine Vindebro,
som Guld, skinner over eders Hænder to.«

»Behold du selv dit Guld saa rød!
jeg vil hjem til min Fæstemø.«

»Og vilt du nu ikke danse med mig,
Sot og Sygdom skal følge dig.

Hvad heller vilt du i Aften dø,
eller du vilt ligge syg syv Aar under Ø?«

»Langt heller ligger jeg i Morgen Lig,
end jeg vil ligge syv Vinter syg.«

Hr. Oluf bukker over Sadelbue,
saa red han gjennem den Elvelue.

Men hun slog ham mellem Hærde,
det han faldt neder til Jorde.

Hun slog ham over hans Hærde god,
at Slaget gjaldt i hans Hjærterod.

»Stat op, Hr. Oluf! og rid nu hjem!
du lever ikke Dag foruden én.«

Hun løfte Hr. Oluf paa Ganger rød:
»Og rid du nu hjem til din Fæstemø!«

Hr. Oluf han vender sin Ganger omkring,
alt saa mødig red han hjem.

Og der han kom til sit Borgeled,
hans kjære Moder hun stod dèr ved.

»Hør du, Hr. Oluf, kjær Sønne min!
hvi bær du nu saa bleg en Kind?

Hvi bær du nu saa bleg en Kind?
og hvi rinder Blod fra Sadel din?«

»Min Ganger han var ikke visser paa Fod,
han snubled over en Ellerod.«

»Hør du, Hr. Oluf! du farer med Tant:
du haver vist været i Elvkvindedans.«

»Ja, jeg maa vel bære Kinden bleg,
for jeg haver været i Elvkvindeleg.

Min kjære Moder! I reder mig Seng!
min kjære Søster! følg mig udi den!

Min kjære Fader! I tager min Hest!
min kjære Broder! du hente mig Præst!

I lægger mig paa de Bolstre blaa!
her vil jeg ligge og dø derpaa.«

»Ti kvær, Hr. Oluf! du sig ikke saa!
saa mangen bliver syg, de dø ikke af.«

»Gange nu alt, som gange maa!
men aldrig skal jeg min Fæstemø faa.«

»Da sig mig, Hr. Oluf! under Ø:
og hvem giver du din Fæstemø?«

»Min Fader skal have min Ganger graa,
han rider saa tit i Kongens Gaard.

Min Moder skal have min hængende Karm,
hun bar mig saa listelig i hendes Barm.

Min Søster skal have mit Guld saa rød,
min yngste Broder min Fæstemø.

I stander op, alle mine Brødre sju!
I rider imod min unge Brud!

Og hører I det, mine rige Maage!
tager vel imod min stolte Jomfrove!«

Hr. Oluf vendtes til Væggen brat,
han døde end før end Midjenat.

Aarle om Morgen, Dag det var,
da kom liden Kirstin med Brudeskar’.

Der de komme for oven By,
Alle ginge Klokker, som de vare ny.

Det mælte Bruden i samme Stund,
hendes Hjærte det var af Sorgen tungt:

»Hvi monne alle de Klokker saa gaa?
jeg véd her ingen, der syger laa.«

»Det er saa Sæd paa dette her Land,
at ringe imod sin Liljevand.

Det er saa Sæd paa denne her Ø,
at ringe imod sin Fæstemø.«

Liden Kirstin kom kjørend’ over den Toft,
da brændte der Lys i Højeloft.

»Herre Krist hjælp’ mig af al min Klag’!
nu brænder her Lys ved den klare Dag.

Herre Krist hjælp’ mig af al min Nød!
jeg frygter, Hr. Oluf han er død.«

Saa førte de Bruden i Gaarde,
alle græde Fruer saa saare.

De fulgte Bruden i Salen ind
med sorrigfuldt Hjærte og Rosenskind.

De satte Bruden paa Brudebænk,
frem ginge Riddere, bare hende Skjænk.

Det mælte Bruden over Borde,
hun taled sorrigfulde Orde:

»Jeg ser her Ridder’ gaa ud og ind,
jeg ser ikke Hr. Oluf, kjær Herre min.

Jeg ser eder alle med Roser i Sko,
men ikke ser jeg den, jeg har lovet min Tro.«

Det svared hans Moder, som hun kunde bedst:
»Ridder Oluf er i Lunden, at tæmme sin Hest.

Baade med Høg og saa med Hund
Hr. Oluf er reden i Rosenslund.«

»Haver han nu kjærer’ sin Høg og sin Hund,
end han haver sin unge Brud?

Vil han heller ride med Rakker og Tove,
end han vil sidde med sin Brud i Stove?«

Sildig om Aften, Røg faldt aa,
da skulde den Brud til Sænge gaa.

De tændte op de Brudeblus,
saa fulgte de Bruden til Brudehus.

De fulgte Bruden til Brudeseng
efter gik Hr. Olufs liden Smaadreng.

»Jeg lader eder vide, Hr. Olufs Mø!
min Herre han ligger paa Baaren død.

Min Herre han ligger i Loftet Lig,
hans Broder skal I eders Tro nu giv’.«

»Ret aldrig skulle I den Dag leve,
jeg skal to Brøder min Tro bortgive.

Men det ser jeg paa store og smaa,
Hr. Oluf er ikke langt her fraa.«

»Det duer ikke længer at dølge for dig:
Hr. Oluf han ligger i Højeloft Lig.«

Saa bad hun alle de Fruer,
det hun maatte Liget skue.

De stødte op den Højeloftsdør,
de høje Raa de stode der for.

Liden Kirstin løb til de høje Raa,
de hvide Lin hun deraf slog.

Hun tog op det Skarlagen rød:
dèr laa Hr. Oluf og var død.

Hun lagde sin Haand paa hans Bryste:
saa saare hendes Hjærte det ryste.

Hun minded ham for hans blege Mund:
hendes Hjærte det brast i samme Stund.

Det var en stor Ynk at se den Nød,
der Bruden monne af Sorgen dø.

Andendags Morgen, der Dagen gjordes ljus,
der kom tre Lig af Hr. Olufs Hus.

Det ene var Hr. Oluf, det andet hans Mø,
det tredje hans kjær Moder, af Sorgen var død.
""Men Dansen den gaar saa let gjennem Lunden."""
Elvehøj;"""Jeg var mig en fattig Ungersvend,
jeg skulde at gilje ride:
saa red jeg mig ud i Rosenslund,
mig lystede dèr at hvile.
Siden jeg hende først saa’!

Jeg lagde mit Hoved til Elvehøj,
mine Øjen de finge en Dvale:
der kom tre Jomfruer gangendes ud,
de vilde gjærne med mig tale.

Den ene klapped mig ved hviden Kind,
den anden hvisked mig i Øre:
»I vaager op, fagren Ungersvend!
om eder lyster Dansen at røre.

I stander op, fagren Ungersvend!
om eder lyster Dansen at røre
min Jomfru skal for eder en Vise kvæde,
den fejerste, I lyster at høre.«

De bare frem en Stol af Guld,
den Jomfru skulde derpaa hvile
men det vil jeg for Sandingen sige,
det ligtes mig saa ganske ilde.

Hun bar op, en Vise hun kvad,
saa herlig da monne hun synge:
de stride Strømme de stilledes derved,
som førre vare van at rinde.

De stride Strømme de stilledes derved,
som førre vare van at rinde
den liden smaa Fisk i den salte Flod
han stilledes alt med sine Finne.

Den liden smaa Fisk i den salte Flod
han stilledes alt med sine Finne
og de vildene Dyr, i Skoven vare,
de glemte deres Spring at springe.

De vildene Dyr, i Skoven vare,
de glemte deres Spring at springe
de lille smaa Fugle paa Kviste sade,
de fældte deres Sang for hende.

De dansed ud, og de dansed ind,
og hver med Kjæreste sin
alt sad jeg fattig Ungersvend,
jeg havde min Haand under Kind.

»Hør du, fagren Ungersvend!
og vilt du hos os være,
da ville vi kjende dig ramme Runer
og have dig alt saa kjær.

Vi ville kjende dig Bassen at binde
og Ørnen op under Sky,
og Dragen med det møgle Guld
skal for dig af Landet fly.«

De dansed ud, og de dansed ind
alt i den Elvefærd:
alt sad jeg tavs og saa’ derpaa
og støtted mig paa mit Sværd.

»Hør du det, fagren Ungersvend!
vilt du ikke med os tale,
da skal Sværd og hvasse Kniv
lægge dit Hjærte i Dvale.«

End kom en Jomfru gangendes ud
med hvide Sølvkar paa Hænde:
hun spildte Drikken alt for sin Fod,
saa gjørlig monne hun mig kjende.

»Hør du det, kjære Søster min!
du vilt ikke svige mig:
og skal jeg drikke med dig i Dag?
saa sandelig sige du mig!«

»Lad Hornet saa listelig til din Mund!
lad Mjøden ad Brystet nedrinde!
det er saa ledt i Bjærget at være
alt hos de Elvekvinder.«

Saa satte jeg Hornet for min Mund,
det Mjøden ad Brystet nedrunde
de Elvekvinder klapped alt med deres Hænder,
dè tænkte, de havde mig vundet.

»Hør du det end, kjær Søster min!
vilt du med mig bortride?
jeg vil dig føre saa langt af Led,
du skalt vel for Elver blive.«

»Du fører mig aldrig saa langt af Led,
vaare det end til Verdens Ende:
jeg maa jo dog komme hid igjen,
før end Solen hun monne oprinde.«

Havde Gud ikke gjort min Lykke saa god,
at Hanen havde slaget med Vinge:
da var jeg dog kommen i Bjærget ind
alt til de Elvekvinder.

Thi raader jeg nu hver Ungersvend,
som ride vil i Skove:
han ride sig ikke til Elvehøj
og lægge sig dèr at sove!

Thi raader jeg nu hver Dannesvend,
som rider sig ud at gilje:
han dvæle sig ikke under Elvehøj!
dèr havde jeg saa nær faret ilde.
""Siden jeg hende først saa’!"""
Germand Gladensvend;"""Vor Konning og vor unge Dronning
de sejled over salten Sø
deres Skib det blev paa Havet holdet,
de finge ikke bliden Bør.
Saa flyver han over den Rin.

Skibet blev paa Havet holdet,
de kunde ikke Børen faa
alt var det saa ilde gjort,
de bleve ikke hjemme i Aar.

Dronningen ganger i Skibet frem,
hun vrider sin hvide Hand:
»Monne der ingen i Verden være,
os Børen sende kan?

Er her nogen under Vandet dulgt,
der Skibet holde maa:
jeg giver eder baade Sølv og Guld,
at I lader os Børen faa.«

Det svared en Røst fra Havsens Bund,
og svared den hende saa:
»Du ejer ikke Sølv eller Guld,
som dertil hjælpe maa.

Hav du selv baade Guld og Sølv!
jeg passer der intet paa
det er alt under Linde din,
der jeg mon efter traa.«

»Jeg haver ikke under min Linde,
foruden mine Nøgler smaa:
kommer jeg levende til Land,
jeg lader mig andre slaa.«

Saa tog hun de Nøgler smaa,
hun kaste dem ud for Stavn
de tinge Bør hin blide,
de sejled saa glade til Havn.

Børen blæste, og Skibet skred,
de sejled saa glade til Land
den Tid hun tren af Skibet ud,
da laa hendes Nøgler paa Sand.

Dronnningen ganger paa hviden Sand,
da fik hun fuld stor en Harm:
da fandt hun, at en liden Kind
vare kveg udi hendes Barm.

Det var ikke derefter,
foruden Maaneder fem:
Dronningen ganger i Bure,
hun føder saa fager en Svend.

Fød blev han om en Aften,
de kristned hannem om Naat:
de kalded ham Germand Gladensvend,
de dulgte ham, meden de maatte.

Fostred de hannem i Vinter,
og vel i Vinter ni:
han blev en den gjæveste Svend,
der nogen med Øjen vilde se.

Saa vel han voxte, saa vel han trevst,
sin Hest kunde han vel ride
hvert Sinde han til sin Moder saa’,
saa saare da monne hun kvide.

Det var hans kjære Moder,
hun sørged alle Tid saa saare:
hvert Sinde hun ham med Øjen saa,
da fælded hun modige Taare.

»Hør I det, min kjære Moder!
I siger mig af eders Ve!
hvi græder I saa jammerlige,
hvert Sinde I mig monne se?«

»Fuld vel da maa jeg græde,
jeg maa vel for dig kvide:
du varst dig saa liden,
der du varst Trolden given.«

»Hør I det, min kjære Moder!
I lader bort fare eders Vaande!
hvad Lykke Gud mig give vil,
den ganger mig vel til Haande.

Hør I det, min kjære Moder!
I tør ikke for mig kvide:
giver mig heller Sadel og Hest!
jeg vil mig af Landet ride.«

Det var Germand Gladensvend,
han rider sig under Ø
og det vil jeg for Sanden sige,
han fæste saa væn en Mø.

Der han var fulde femten Aar,
da lyste ham en Jomfru at love:
Kongens Datter af Engelland,
den allerskjønnest’ Jomfrove.

Fæste han stolten Sølverlad,
hun var en Rosensblomme:
hver den Dag, der østen dages,
da venter hun hans Komme.
Saa flyver han over den Rin.

Der var Glæde i Kongens Gaard
og Glæde over alt det Land,
for han Germand Gladensvend
han var nu vorden til Mand.
Saa flyver han over den Rin.

Dronningen sidder i Bure,
hun sømmer det hvide Lin
Germand sidder i Højeloft,
han drikker den klare Vin.

Det var om en Torsdags Morgen,
saa aarlig om den Høst:
aaben stod den Fruerstue-Dør,
der kom saa led en Røst.

Ind da kom den ledeste Gam,
han sættes den Frue næst:
»Mindes eder, Allerkjæreste min!
jeg tjente eder allerbedst?

Mindes eder, Allerkjæreste min!
I gave dertil eders Minde:
det jeg maatte eje den liden Tingr
I bare da under Linde?

Mindes eder, Allerkjæreste min!
jeg hjalp eder af eders Nød?
hvor er nu det fagre Barn,
I have til Verden fød?«

Hun svor om Gud, hun svor om Mænd
og alt det, hun sværge maatte:
hun vidste hverken Datter eller Søn,
der hun i Verden aatte.

Bort da fløj den lede Gam,
han gav fuldt ondt et Skrig:
»Hvor jeg finder Germand Gladensvend,
da er han given mig.«
Saa flyver han over den Rin.

Det stod saa i Vinter,
og vel i Vinter fem:
stolt Sølverlad sidder i Engelland,
hun venter sin Fæstemand hjem.
Saa flyver han over den Rin.

Saa saare da mon han længes
bort til sin Fæstemø
men ikke da maatte han sejle og ro
alt over den salte Sø.

Ind kom Germand Gladensvend,
var klæd i Skarlagen rød:
»Kjær Moder, I laaner mig Fjederham!
jeg flyver til min Fæstemø.

Hør I det, min kjære Moder!
laaner mig eders Fjederham!
jeg vil flyve over salten Rin,
bort til min Liljevand.«

»Min Fjederham hænger i Højeloft,
alle Fjedre ere sledne ner:
flyver du over den salte Rin,
jeg ser dig ret aldrig mer.

De Vinger de ere saa brede,
de Fjedre fare vide om By:
lever jeg mig til Sommer,
jeg lader mig gjøre en ny.«

»Maa jeg nu ikke den Fjederham faa,
og maa jeg den ikke nyde:
da vinder jeg Sejl i højen Raa,
den stærke Bølge at bryde.«

»Tag du da min Fjederham,
og flyv du nu der hen!
men møder dig den lede Gam,
du kommer her aldrig igjen.«

»Møder mig end den lede Gam,
fuld vel kommer jeg igjen
saa Mænd véd, min kjære Moder!
alt skal jeg flyve der hen.«

Saa satte han sig i Fjederham,
og slog han ud sine Vinge:
igjen sad hans kjære Moder,
og hende runde Taar paa Kinde.

Han satte sig i den Fjederham,
han fløj saa højt ved Sky:
saa saare græd hans kjære Moder,
der hun gode Nat ham bød.

Han fløj op, og han fløj ned,
og han fløj alt saa trøst,
men der han kom over vilden Hav,
da hørte han Gamme-Røst:

»Vær velkommen, Germand Gladensvend!
fuld vel da kjender jeg dig:
du varst dig saa liden,
der du varst given mig.

Vel mødt, Germand Gladensvend!
hvor haver du været saa længe?
førend du varst til Verden fød,
varst du mig given i Hænde.«

»Du lad mig flyve, du lad mig fare
bort til min Fæstemø!
første jeg kommer tilbage igjen,
vi findes op under Ø.«

»Da skal jeg dig mærke,
saa vel skal jeg dig kjende:
ihvor du kommer i fremmede Land,
du skalt mig ikke glemme.«

Saa hug han ud hans højre Øje,
drak halvt hans Hjærteblod
end fløj han til Jomfruens Bur,
for Viljen den var god.

Han sættes paa Jomfruens Burebrand,
han var baade gusten og bleg:
alle de Møer, i Buret vare,
de lode baade Lyst og Leg.

Alle de Møer i Buret vare,
de glemte baade Glæde og Gammen
op stod stolten Sølverlad,
hun slog sin Hænder sammen.

»Vær velkommen, Germand Gladensvend!
hvor haver du været i Leg?
hvi er dine Klæder saa blodige?
og hvi er din Kind saa bleg?«

»Far nu vel, stolten Sølverlad!
ret nu maa jeg bort flyve:
den skal have mit unge Liv,
der mig mit Øje mon ryve.

Far nu vel, stolten Sølverlad!
Gud gjøre eder Lykken god!
den skal nu have mit unge Liv,
der drak halvt mit Hjærteblod.«

Det gjorde stolten Sølverlad,
for hun havde hannem saa kjær:
hun lod Germand Badet rede,
hun tjente hannem alt saa nær.

Saa tog hun et Horn af Guld,
hun skjænked i klaren Vin:
»Nu tømmer jeg den sidste Skaal
med Allerkjæresten min.«

Saa tog hun ud en Sølverkam,
hun kæmmed hans fagre Haar:
for hver en Lok, hun redte,
hun fælded saa modige Taar.

Det var Germand Gladensvend,
klapped hende ved hviden Kind:
»I græder ikke, stolten Sølverlad!
hver bier saa Skæbne sin.«

For hver en Lok, hun redte,
hun fælded saa modige Taar:
alt banded han hans Moder,
hans Skæbne havde gjort saa haard.

Mælte det stolten Sølverlad,
hun tog hannem i sin Arm:
»Forbandet være den Moder,
der saa forraader sit Barn!«

»I stiller eder, stolten Sølverlad!
I bander ikke Moder min!
hun kunde der intet i volde,
min Lykke gjordes saa ublid.«

Han satte sig i sin Fjederham,
han fløj saa højt under Sky
hun satte sig i en anden,
hun lod fast efter kny.

»Vender eder, stolten Sølverlad!
I vender eder snart igjen!
eders Loftsdør stander aaben,
eder Nøgler ligge paa Sten.«

»Enddog min Dør stander aaben,
mine Nøgler ligge paa Sten:
alt skal jeg eder følge did,
som I tinge eders Men.«

Hun satte sig i sin Fjederham,
hun fløj med hannem til Sky:
alle de Fugle, der hun saa’,
dem klipped hun sønder i syv.

Alle de Fugle, der hun mødte,
dem klipped hun alt saa smaa
men der hun mødte den lede Gam,
hannem kunde hun ikke naa.

Saa tog han Germand Gladensvend,
kaste hannem i salten Vand:
ikke fik stolten Sølverlad
foruden hans højre Hand.

Det var stolten Sølverlad,
hun fløj ud med den Strand:
hun fandt ikke af Germand Gladensvend
foruden hans højre Hand.

Gjorde det stolten Sølverlad,
hun lagde den til sin Mund
og det vil jeg for Sandingen sige:
hun svalt udi samme Stund.
""Saa flyver han over den Rin."""
Hr. Bøsmer i Elvehjem;"""Hr. Bonde han bor sig ude ved Aa,
saa væne da haver han Døtter to.
Men Linden hun løves.

Døtter to og Sønner fem,
Hr. Bøsmer var den vænest’ af dem.

Den Elvekvinde bor sig ude i Aa,
vel femten Vinter lagde hun det i Traa.

I femten Vinter og end et Aar,
hvorlunde hun skulde Hr. Bøsmer faa.

Sildig om Aften, der Dug drev paa,
den Elvekvinde axlede Kaabe blaa.

Den Elvekvinde axlede Kaabe blaa,
til Hr. Bøsmers Loft saa monne hun gaa.

Hun klapped paa Loftsdør med sit Skind:
»Staar op, Hr. Bøsmer! og lader mig ind!«

»Ingen da haver jeg Stævne sat,
og ingen lader jeg i Loft om Nat.«

Lidel da havde hun Linger med Liste,
fuldvel hun de Nagler vidste.

Fagre da havde hun Linger og smaa,
og selv pilked hun de Laase fraa.

Hun satte sig paa hans Sengestok,
hun legte alt med hans gule Lok.

Hun satte sig paa hans Sengerjæl,
saa listelig hun til hannem tal:

»Du gjør det, Hr. Bøsmer! for din Tro:
du mød mig i Morgen paa Elvebro!«

Hr. Bøsmer han vaagner om Midjenat,
udaf sine Drømme siger han saa brat.

»Mig tykte, en Jomfru hos mig stod,
hun var saa væn, som Vox var snod.

Mig tykte, en Jomfru hos mig vaar,
i Silkesærk, med udslaget Haar.

Jeg haver hende lovet alt paa min Tro,
jeg skal hende møde paa Elvebro.«

»Du lig, Hr. Bøsmer! giv den Drøm ej i Gøm!
det er den Elvekvinde, vilder dig i din Søvn.«

»Som Herre Gud vil, min Drøm maa gaa
men visselig skal jeg holde min Tro.«

Aarle om Morgen, Solen sken,
Hr. Bøsmer1 klædte sig for sin Seng.

Han drog i sin Skjorte smaa,
og over i Fløjels Trøje blaa.

Bukkeskinds Støvle drog han over Fod,
forgyldene Spore spændte han imod.

Hr. Bøsmer han taler til Svende to:
»I sadler mig min Gangere graa!

I sadler mig min Gangere hvid!
til Elvebro saa vil jeg ride.«

Hr. Bøsmer han binder sig Sværd ved Side,
hans Moder hun monne sine Hænder vride.

Hr. Bøsmer han ud af Gaarden red,
hans Moder hun græd, og Hænder hun vred.

Og der han kom paa Elvebro,
dèr snaved hans Ganger i røde Guldsko.

Og Gangeren snaved i røde Guldsøm,
Hr. Bøsmer faldt ud for striden Strøm.

Hesten den sank, og Sadlen den flød,
Hr. Bøsmer han faldt i Elvkvindens Skjød.

»Velkommen, Hr. Bøsmer, hjem til min!
jeg haver blandet baade Mjød og Vin.«

»Behold du selv baade Mjød og Vin!
saa usæl kom jeg hjem til din.«

»Siger mig, Hr. Bøsmer! paa eders Maal:
hvor er I fød? hvor er I baaren?

Hvor er I fød? hvor er I baaren?
og hvor have I eders Fæstemø udkaaren?«

»I Danemark er jeg fød og baaren,
og dèr er alle mine Hovklæder skaaren.

Dèr er ogsaa min Fæstemø,
med hende vil jeg baade leve og dø.«

Den Elvemø taler til Ternen sin:
»Du hente mig ind et Horn med Vin!

Du hente mig ind et Dyreshorn!
og kast du der i to Elvekorn!«

Den Terne hun ind ad Døren tren,
Hornet i hendes Hænder sken.

»I drikker! Hr. Bøsmer! jeg drikker eder til
og saa maa I fare, alt hvort I vil.«

Han lagde til Munden, saa liden en Drik:
al Verden hannem af Huen gik.

Han glemte sin Fader og Moder,
hans Søster og hans Brøder.

Han glemte og sin Fæstemø,
som han skulde med baade leve og dø.

»Siger mig, Hr. Bøsmer! paa eders Maal:
hvor er I fød? hvor er I baaren?

Hvor er I fød? hvor er I baaren?
og hvor have I eders Fæstemø udkaaren?«

»I Elvehjem er jeg fød og baaren,
og dèr er alle mine Hovklæder skaaren,

Og her staar I, min Fæstemø!
med eder vil jeg baade leve og dø.«

Den Elvemø haver nu forvunden sin Kvide,
hun lægger Hr. Bøsmer ved sin Side.

Hannem græde for Fader og Moder,
hans Søster og hans Brøder.

Halve mere da sørged hans Fæstemø,
hun gav sig i Kloster op under Ø.
Men Linden hun løves."""
Agnete og Havmanden;"""Agnete hun stander paa Højelands Bro,
— Fuglene synge. —
og op kom den Havmand fra Bølgen den blaa.
— Skjønne Agnete! —

Hans Haar det var som det pureste Guld,
hans Øjne de vare saa frydefuld’.

»Og hør du, Agnete saa favr og saa fin!
og vil du nu være Allerkjæreste min?«

»O, ja saamænd, det vil jeg saa,
naar du tager mig med under Bølgen den blaa.«

Han stopped hendes Øren, han lukte hendes Mund,
saa førte han hende ned paa Havsens Bund.

Paa Havsens Bund der stander hans Bo,
dèr ganger Agnete i røde Guldsko.

Dér var de tilsammen i otte Aar,
syv Sønner og en Datter med den Havmand hun faar.

Agnete hun sad ved Vuggen og sang:
da hørte hun Engellands Klokker de klang.

Agnere hun ganger for den Havmand at staa:
»Og maa jeg mig én Gang til Kirke gaa?«

»O, ja saamænd, det maa du saa,
naar du kommer igjen til Børnene smaa.«

»Ja, visselig og sandelig jeg det vil:
der er mig intet kjærere i Verden til.«

»Men naar du nu skal til Kirke gaa,
saa maa du ikke tage dit røde Guld paa.

Og naar du kommer paa Kirkegaard,
saa maa du ej slaa ud dit fagre gule Haar.

Og naar du triner i Vaabenhuset ind,
saa maa du ikke smile under Skarlagenskind.

Og naar du kommer paa Kirkegulv,
saa maa du ikke gaa til din Moder i Stol.

Og naar Præsten han nævner den høje,
saa maa du dig ikke nedbøje.«

Men der hun nu skulde til Kirke gaa,
saa tog hun alt sit røde Guld paa.

Og der hun nu kom paa Kirkegaard,
Agnete slog ud sit fagre gule Haar.

Og der hun tren i Vaabenhuset ind,
Agnete hun smiled under Skarlagenskind.

Og der hun nu kom paa Kirkegulv,
Agnete gik ind til sin Moder i Stol.

Og da Præsten han nævned den høje,
hun monne sig dybt nedbøje.

Da mælte hendes Moder, hun stod hende nær:
»Agnete! Agnete! hvor kommer du her?

Agnete! Agnete! kjær Datter saa blid!
hvor har du været saa lang en Tid?

Hvor har du været saa lang en Tid?
og hvor er du bleven om Kind saa hvid?«

»Paa Havsens Bund der stander min Bo,
dèr haver jeg givet den Havmand min Tro.

Dèr skinner ikke Sol hin blide,
derfor er mine Kinder saa hvide.

Sønnerne syv jeg haver ham født,
den ottende er saa liden en Mø.«

»Hvad gav dig den Havmand for Æren din,
der han dig fæsted til Bruden sin?«

»Han gav mig Guldringene fem,
baade Roser og Liljer var lagt udi dem.

Og han gav mig det røde Guldbaand,
der bindes ikke bedre om Dronningens Haand.

Og han gav mig de guldspændte Sko,
der findes ikke bedre paa Dronningens Fod.

Og han gav mig en Harpe af Guld,
at lege paa, naar jeg var sorrigfuld.

Men nu vil jeg blive paa grønneste Grund,
og aldrig vil jeg mere til Havsens Bund.«

De tænkte, de vare dèr ene to,
men alt stod den Havmand og lydde derpaa.

Den Havmand han tren ad Kirkedøren ind,
alle de smaa Billeder de vendte sig omkring.

Hans Haar det var som det pureste Guld,
hans Øjne de vare saa taarefuld’.

»Agnete! Agnete! kom til Havet med mig!
dine smaa Børn de længes efter dig.«

»Ja, lad dem længes, mens de længes vil!
dem kommer jeg aldrig mere til.«

»O, tænk paa de store! og tænk paa de smaa!
og mest paa den lille, som i Vuggen laa!«

»Nej, aldrig vil jeg tænke paa store eller smaa,
og mindst paa den lille, som i Vuggen laa.«

Den Havmand bar op sin højre Hand:
»Mulm og Mørke over alle Land!«

Der kom Mulm og mørken Sky,
den skjulte saa vidt over Land og By.

Agnete hun ganger i Blinde,
hun kan ingen Veje finde.

Hun agted sig at gange over grønneste Grund,
da tog hun den Sti til Havsens Bund.

Hun agted sig at gange til sin Moders Gaard,
da tog hun den Sti, til Bunden laa.

»Velkommen, Agnete, under Bølgen den blaa!
ret aldrig skal du mere paa grønne Jord gaa.

Ret aldrig skal du mere paa grønne Jord gaa,
og aldrig ser du mere dine Børn saa smaa.

Men her skal du sidde paa haarde Graasten,
og her kan du lege med døde Mænds Ben.

End lader jeg dig dog den Harpe af Guld,
den maa du end slaa saa sorrigfuld.«

Det maatte man høre i grønneste Lund:
— Fuglene synge. —
Agnete slog Harpen paa Havsens Bund.
— Skjønne Agnete! —"""
Elvekongens Brud;"""Malfred og hendes Moder
— Men Gjøgen han gal —
de sidde i deres Bure.
— under Højelofts Svale.
Men Malfred hun græder udi Lunden udi Loftet dèr hun sørged.

»Hør du, Malfred, Datter min!
hvi falme Rosenskinder din’?«

»Fordi da falme min’ Kinder saa,
alt for jeg gjør mit Guld saa smaa.«

»Andre Jomfruer gjøre og Guldet smaa,
men ikke da falme deres Kinder saa.«

»Min kjære Moder! I vredes ikke veder!
al min Sorrig klager jeg nu for eder.

Det burde ikke være for eder dulgt:
den Elvekonge hannem haver jeg fulgt.

Han mig lokked, og han mig loved,
saa ofte da have vi sammen sovet.

Født haver jeg den Elvekonge
otte Sønner baade yske og unge.

Den niende var en Pige,
thi gjøres mine Kinder saa hvide.«

»Hør du, Malfred, Datter min!
hvor fødte du Smaabørnen din?«

»Somme fødte jeg i Højeloft,
og somme fødte jeg paa grønne Toft.

Aldrig saa snart var de født til Jord,
før den Elvekonge dem i Bjærg indtog.«

»Er det nu Sandingen, du siger for mig,
bort af Bure da skynd du dig!

Og haver den Elvekonge lokket dig,
da haver du ikke mere Moder i mig.«

De tænkte, de vare ene to,
den Elvekonge stod og lydde paa Ord.

Og han slog hende med Elverod:
»Du skynd dig ad Bjærget, til din Bo!«

Og han slog hende med Elvekvast:
»Du skynd dig ad Bjærget nu med Hast!

Men hør du, Malfred, Allerkjæreste min!
hvi røbte du mig for Moder din!

Havde du vor Elskov længer kunnet dulgt,
da maatte du længer din Moder have fulgt.«

Stolt Malfred tog over sig Kaabe blaa,
til sin Faders Loft saa monne hun gaa.

»Gode Nat, Fader og Moder!
min Søster og min Broder!

Gode Nat, Venner flere!
I se mig nu aldrig mere.

Signe eder Krist hin rige,
baade Venner og Frænder tillige!

Far nu vel, alt det, Gud haver skabt!
en bedre Lykke saa var mig agt.«

Saa saare da rand hende Taar paa Kind,
der hun skulde skilles fra Moder sin.

Saa slog hun over sig Skarlagenskind,
saa sorrigfuld gik hun ad Bjærget ind.

Stolt Malfred ind ad Bjærget tren,
hendes otte Sønner ginge hende igjen.

De to de toge hendes Skarlagenskind,
de to fulgte hende i Bjærget ind.

De to de toge hende Hynde og Stol,
de to de bredte hende Tjæld for Fod.

Op stod hendes Datter, saa smal som Vaand,
hun havde to Sølvkar i hviden Haand.

Det ene med Mjød, det andet med Vin:
»Og vær nu velkommen, Moder min!«

»Usinde jeg din Moder var:
jeg dig aldrig Klæder skar.

Det er meget bedre at være død,
end her at leve med Sorrig og Nød.«

Stolt Ludselil taler til Terne sin:
»Du hente mig ind et Horn med Vin!

Du hente mig ind et Dyreshorn!
du kaste deri to Elvekorn!«

»Min kjære Moder drikker Vin med mig!«
— »Var det end Vand, jeg drak det med dig.«

Saa tog hun Hornet, hun drak en Drik:
al Verden hende af Huen gik.

Den Elvekonge ind ad Døren tren,
stolt Malfred stander hannem op igjen.

Han klapper hende ved hviden Kind:
»Velkommen, Malfred, i Bjærget ind!«

Den Konge tog Malfred i sin Favn,
gav hende Guldkrone og Dronningenavn.

Hendes Seng var bredt med Skarlagen rød
— Men Gjøgen han gal —
men end før Midnat var hun død.
— under Højelofts Svale.
Men Malfred hun græder udi Lunden udi Loftet dèr hun sørged."""
Rosmer Havmand;"""Der bor en Frue i Danemark,
Fru Hillelille lader hun sig kalde
hun lader bygge en Borg af ny,
den skinner over Danemark alle.
De maa saa vel i Danmark.

Hun lod bygge en Borg af ny,
den skinned over Lande saa vide
hendes Datter blev hende stjaalen fra,
det var hendes største Kvide.

Bukkebjørn og Elversten,
og flere kan jeg ikke nævne,
de lode sig bygge saa haard en Knar,
til Grønland monne de stævne.

Det var Fru Hillelilles yngste Søn,
ung Roland monne han hede:
han vilde med paa Knarren gange,
sin Søster vilde han oplede.

Skibet skrider i Havet ud,
det brummer som Bjørn sin vrede:
hvide Gæs over Grunden vade,
det voldte Trolden hin lede.

Hvide Gæs over Grunden vade,
alt ude i Grønlands Hav
og det da var den gode Knar,
blev slagen sønder i Kvag.

Alle de Danerkongens Mænd
de sunke neder i Sand
foruden han ungen Roland,
en liden grøn Sti han fand.

Ung Roland gik ad Bjærget frem,
han saa’ de Gnister drive:
»Vorde nu af, hvad Herre Gud vil!
her maa jeg bjærge mine Live.«

Ung Roland ind ad Bjærget tren,
sine Hænder kunde han ikke røre:
»Herre Gud naade dig søllige!
Svend hvad haver du her at gjøre?«

Mælte det Jomfru Svanelille,
hun slog sine Hænder sammen:
»Hveden da est du søllige Svend?
du finder her liden Gammen.«

Svared det ungen Roland,
han svared det alt for Sand:
»Jeg er mig en Enkesøn,
en fattig skibbrøden Mand.

Min Moder hun bor i Danemark,
Fru Hillelille monne hun hede
min Søster hun blev os stjaalen fra,
saa længe efter hende jeg ledte.«

»Og est du fød i Danemark,
er Fru Hillelille din Moder:
det vil jeg for Sandingen sige,
og da est du min Broder.

Og hør du det, min kjære Broder!
bedre maatte du hjemme være:
havde du hundred Liv og ét
du miste dem alle here.

Gak dig nu i Stuen ind,
saa frossen og saa vaad!
men kommer han Rosmer rækkendes hjem,
han æder dig op i ét Maal.

Sid du neder, du usselig Væt!
og varm du dine Bene!
men kommer han Rosmer rækkendes hjem,
han steger dig alt paa Tene.«

Saa satte hun ham i saa liden en Vraa,
som hun i Bjærget kunde se:
hun bad ham for den øverste Gud,
han vilde hverken lege eller le.

Rosmer han kom af Havet hjem,
han rører op i de Brande:
»Her haver været en kristen Mand,
jeg lugter endnu hans Ande.«

Rosmer han kom rækkendes hjem
silde om Aftens Tide:
»Hvor haver du gjort af Kraaser mine,
som du haver haft at vide?«

»Her fløj en Fugl hen over vort Hus
med Mandeben i Munde:
han kaste ind, jeg kaste ud,
det snareste der jeg kunde.«

Hun redte Rosmer saa herligt Bad,
hun taled til hannem med Liste:
»Her er kommen min Søstersøn,
og hannem vil jeg ikke miste.«

Hun redte Rosmer saa god en Seng,
hun kaldte hannem være sin kjære:
»Her er kommen min Søstersøn,
og maa han hos os være?«

»Og er her kommen en liden Smaadreng,
er fød udaf dine Lige:
da skal jeg love hannem tryggelig Tro,
jeg vil hannem aldrig svige.«

Ind da kom hendes yngste Broder,
han skulde for Rosmer gange:
hans Hjærte bæved, hans Krop den skjalv,
han kunde fuld ilde stande.

Saa tog han ungen Roland,
han satte hannem paa sit Knæ:
klapped han hannem saa listelig,
han blev baade gul og blaa.

Ind kom Jomfru Svanelille,
hende randt saa meget i Sind:
»Ikke da haver I Finger dertil
at klappe saa liden en Kind.«

Roland ganger i Rosmers Gaard,
og vel i Aarene tre
Fru Hillelille sidder i Danemark,
bær for hannem daglig Ve.

Det var Jomfru Svanelille,
hun ganger for Rosmer at stande:
»Svenden haver saa længe ude været,
han stunder nu hjem til Lande.«

»Haver han saa længe ude været,
og længes han hjem til Land,
da skal jeg give hannem en Kiste med Guld
og bære hende selv til Strand.«

Det gjorde hun Jomfru Svanelille
alt med saa megen Liste:
hun tog af det Guld saa rød
og lagde sig selv i Kiste.

Han tog Kisten i sin Mund
og Manden opaa sin Bag
saa fór han gjennem det salte Vand
saa listelig i sin Mag.

»Nu haver jeg dig til Lande ført,
som du ser Sol og Maane
end giver jeg dig den Kiste med Guld,
hun ganger dig vel til Haande.«

»Du hav Tak, Rosmer Rækkeben!
du hav Tak for din Møde!
mangen Fugl flyver vidt over Hav,
finder hjemme sine Unger døde.«

Rosmer han fór i Havet ud,
saa Bølgen brødes ved Sky
men der han kom sig ad Bjærget hjem,
Jomfru Svane var rømt af By.

Saa runde Taare paa Rosmers Kind
som Hagl i haardeste Byge:
»Den, jeg havde svoret tryggelig Tro,
vilde mig saa skammelig svige!«

For han atter ad Havet ud,
sin Harm kunde han ikke rumme:
han blev til en Kampesten graa,
dèr stander han end en Dumme.

Men der var Glæde i Fru Hillelils Gaard
og over al Danemarks Rige:
begge hendes Børn var kommen hjem,
som hun monne saare for kvide.
De maa saa vel i Danmark."""
Kjeld Rune og Havfruen;"""Kjeld Rune han lader bygge et Skib,
der kom ret aldrig paa Vandet slig.
De hente deres Guld til Grønland.

Det var forgyldt mellem begge Stavn,
dèr staar skrevet Jomfru Mari hendes Navn.

Det var forgyldt mellem begge Bord,
Jesu Navn stod skrevet der over.

Sejlet var af Silke smaa,
hver anden Dug gul, hver anden blaa.

Raaen var af det hvide Sølv,
og Mærset af det røde Guld.

De til Stranden udbaare
Kjeld Rune hans Akker og Aare.

Kjeld Rune han sejler i Havet fram,
dèr møder hannem en Havfru gram.

»Hør du, Kjeld Rune! du vend dig hjem!
eller jeg skal skjænde dit Skib i Sten.«

»Ret aldrig skalt du den Dag leve,
jeg skal mig for en Havfru give.«

Den første Bølge, den Havfru kaste paa,
sønder da ginge baade Sejl og Raa.

Den anden Bølge, den Havfru skød,
Silkesejl i Havet flød.

Det da mælte den Styresmand:
»Er her nu ingen, der Runer kan?«

Det svared Kjeld Rune, den velbyrdig Mand
»De Runer jeg selv vel skrive kan.«

Han skrev de Runer paa Lindekvist,
han bandt den Havfru med stor List.

Han skrev de Runer paa Lindegren,
han bandt den Havfru til en Sten

»Kjeld Rune! Kjeld Rune! løs du nu mig!
syv Tønder Sølv saa giver jeg dig.

Syv Tønder Sølv, den ottend’ af Guld
min ædelig Herre! vær naadefuld!«

»Sid du her! du kvæles paa kveg!
ret aldrig løser jeg det Baand af dig.

Du sig for alle, hvem her komme fram:
dig bandt Kjeld Rune med hviden Hand.«

Kjeld Rune han sejler til Grønland hjem,
den Havfru sidder bunden ved den Sten.
De hente deres Guld til Grønland."""
Ørnen i Bedelund;"""Det var rigen Raadengaard,
han rider i Rosenslund,
dèr møder hannem Ørnen af Bedelund
saa aarlig en Morgenstund.
Men nu gjælder Ørnen i Bedelund isaa aarlig.

»Hil mødt, rigen Raadengaard!
og hvi rider du saa ene?
hvor er din Høg? hvor er din Hund?
hvor er dine mange Svene?«

»Somme ere paa den salte Sø,
den bratte Bølge at bryde
og somme de ere i Bedelund,
de vilde Dyr at skyde.«

»Skyder du nu de vilde Dyr,
som mig ere lagt til Føde:
saa Mænd véd, rigen Raadengaard!
dine Lande skal jeg lægge øde.«

»Nok saa haver jeg Øxen og Kør,
baade Foler og fede Heste
saa Mænd véd, Ørnen af Bedelund!
jeg agter saa lidet dit Gjæste.«

»Jeg skjøtter ikke om dine Øxen eller Kør,
dine Foler eller fede Heste
saa Mænd véd, rigen Raadengaard!
jeg agter dig hjemme at gjæste.

Jeg skal komme udi din Gaard,
og tage dèr af det bedste:
saa væne da haver du Søster to,
dem agter jeg mig at fæste.«

»Da haver jeg dem saa hæderlig holdet,
siden deres Fader bortdøde
det forbyde den øverste Gud,
du skulde de Blomster lægge øde!«

»Kan jeg ikke af dine Søster faa
alt med din fuldgode Minde:
da skal jeg have Allerkjæreste din,
et Spejl over alle Kvinde.«

Det var rigen Raadengaard,
han bukker under Lindekviste:
dèr skrev han de ramme Runer,
som han for langen vidste.

Saa bandt han Ørnen af Bedelund,
saa højt over alle Kviste:
»Og hør du det, du grumme Ørn!
min Kjæreste skalt du nu miste.«

Nu sidder Ørnen i Bedelund,
han svælter over sin Vinge
bort rider rigen Raadengaard,
han lader sin Gangere springe.

Og nu sidder Ørnen i Bedelund,
han svælter over sin Klo
saa glad rider rigen Raadengaard,
han lader sit Bryllup bo.
Men nu gjælder Ørnen i Bedelund isaa aarlig."""
Harpens Kraft;"""Vilmund og hans væne Brud
— Strængen er af Guld. —
de legte Tavel i hendes Bur.
Saa liflig legte han for sin Jomfru.

De legte Tavel med Guld saa rød,
og endda græd den væne Mø.

Hver Gang Guldtærning rand paa Bord,
den Jomfru fælded saa modig Taar.

»Hvad heller for Guld I græde?
eller for gode Klæde?

Græde I Guld, eller græde I Jord?
hvad heller den Svend, I har givet Tro?

Græde I Sadel, eller græde I Hest?
eller den Svend, der eder haver fæst?«

»Ikke for Guld jeg græder,
og ej for gode Klæder.

Jeg græder ikke Guld, jeg græder ikke Jord,
saa gjærne da gav jeg eder min Tro.

Jeg græder ikke Sadel, jeg græder ikke Hest,
alt med min Vilje have I mig fæst.

Mere græder jeg for mit gule Haar,
at det skal raadne i Vendelsaa.

Mere græder jeg for Blide,
som jeg skal over ride.

Jeg maa vel græde for Blide-Bro:
dèr sunke ned mine Søster to.

Dér sunke ned mine Søster to,
den Tid de lode deres Bryllup bo.

Og det var mig spaat, meden jeg var Barn:
at jeg skulde drukne min Bry’lupsdag.«

»I skulle ikke græde for Blide-Bro:
den lader jeg al med Jærne slaa.

Jeg lader bygge den Bro saa bred,
hun koster mig tusend Gylden i Fæ.

I skulle ikke græde for Blide:
mine Svende skulle med eder ride.

Tolv ved hver eders Side,
selv holder jeg Bidsel og Mile.«

Hun lod lægge under Gangeren røde Guldsko,
og saa rider hun til Blide-Bro,

Men der hun kom dèr midt paa Bro,
da snaved hendes Ganger i fire Guldsko.

Hendes Ganger skrænted paa femten Guldsøm,
neder sank den Jomfru for striden Strøm.

Jomfruen rakte op sin hvide Hand:
»Vilmund! Vilmund! hjælp mig til Land!«

»Hjælp dig saa sandt nu den Hellig-Aand,
som jeg dig ikke nu hjælpe kan!«

Hr. Vilmund taler til Smaadreng sin:
»Du hent mig flux Guldharpe min!«

Vilmund tager Harpe i Hande,
han ganger for Strømmen at stande.

Han slog Harpen saa saare,
det hørtes over alle de Gaarde.

Han slog Harpen over den By,
og Fuglen af den høje Sky.

Han slog Løv af Lindetræ
og Hornen af det levende Fæ.

Han slog Bark af Birke
og Knappen af Mari-Kirke.

Han slog mer end han skulde:
han slog de Lig af Mulde.

Han slog Harpen af ret Harm:
han slog sin Brud af Troldens Arm.

Op kom den Trold fra Bunde
med Hr. Vilmunds Mø ved Haande.

Og ikke hans Brud alene,
men baade hendes Søster væne.

»Vilmund! Vilmund! stil din Ljud!
her haver du igjen din unge Brud!

Vilmund! du stil din Runeslæt!
raade nu hver, som han haver Ret!

Vilmund! Vilmund! tag din Mø!
du lad mig volde mit Vand under Ø!«

»For vist skal jeg vinde min væne Mø,
men aldrig skalt du volde Vand under Ø.«

Vilmund han legte, den Trold til Men.
han sprak i de haarde Flintesten.

Hr. Vilmund han red sig op under Ø,
— Strængen er af Guld. —
saa drak han Bryllup med sin Mø.
Saa liflig legte han for sin Jomfru"""
Nøkkens Svig;"""Der ganger Dans paa Kirkegaard,
— Under Lide. —
dèr danse Møer med udslagen Haar.
Mig tykkes, det er tungt at ride.

Der danse Møer med udslagen Haar,
Kongens Datter hun danser for.

Der danse Ridder’ med dragen Sværd,
Kongens Datter hun for dem kvæ’r.

Stolt var den Jomfru, i Dansen traad,
det hørte han Nøkken, under Isen laa.

Op stod Nøkken, og klædte han sig:
»Mon ikke den stolt Jomfru vil have mig?«

Han skaber sig til en Ridder skjøn,
han kalder sig Alfast Kongens Søn.

Saa skaber han Hest af klareste Vand,
og Sadel og Bidsel af hvideste Sand.

Han skaber sin Hest baade sort og hvid,
i forgyldene Sadel saa rider han did.

Han bandt sin Hest ved Kirkekam,
og tøsser gik han Kirken avet om.

Nøkken han tren ad Kirkedøren ind,
og alle de Billeder vendtes omkring.

Det mælte den Præst, for Alteret stod:
»Og hvem er os denne Ridder godr«

Mælte det Præsten, for Alteret sang:
»Gud fri os fra denne fremmede Mand!«

»Jeg er ingen fremmede Mand,
jeg er Kongens Søn af Engelland.«

Kongens Datter hun smiler under Skind:
»Gud give den Ridder vare min!«

Han traad over Stole én og to:
»Hør I, stolt Jomfru! giver mig eders Tro!

Hør, du stolt Jomfru! lov du mig!
en Krone af Guld saa giver jeg dig.

Jeg giver eder de røde Guldbaand,
der kom aldrig slig paa eders Haand.«

»Min Fader er Konge over alt dette Land:
han gav mig aldrig slige Guldbaand.

Min Fader er Konge over alt dette Rige:
han gav mig aldrig Guldkrone slige.

Men hvor kommer jeg af Kirken med dig
der ere saa mange, der vogte paa mig.

Mig vogte Fader og Moder,
dertil otte Ridder’ gode.

Mig vogter og min Fæstemand:
min største Sorrig er for ham.«

»Alt om dig vogte nu al din Æt,
alt skalt du mig følge, som du haver jæt.«

Nøkken lod det saa i Kirken ske,
at ingen kunde dennem se.

Og han slog over hende Skarlagen blaa,
saa monne de ud af Kirken gaa.

Og der de komme til Stætte,
Ganger og gylt Sadel dem mødte.

Saa væn da havde han Fole og spag,
han satte den Jomfru ved sin Bag.

Han red saa vidt over Hede,
som Vejret farer, hint vrede.

Han red lukt over Land og Strand
og midt ud paa det vilde Vand.

»Hør I, Hr. Alfast, min Fæstemand!
hvad vil I hos dette vilde Vand?«

»Jeg er ikke Alfast, din Fæstemand,
mit Hjem det er i dette Vand.«

»Herre Gud være med min Fader!
han agte mig aldrig slig Fare.

Herre Gud være med min Moder!
hun agte mig aldrig slig Vaade.

Herre Gud naade min Fæstemand!
saa mangen vild Sti nu rider han.«

»Det skulde du have tænkt førre,
da vare du ej kommen i min Vær’e.«

Og der de komme midt ud paa Sund,
dèr sunke de baade til Havsens Bund.

Det maatte man høre saa langt af Led,
— Under Lide. —
hvor Kongens Datter under Vandet skreg.
Mig tykkes, det er tungt at ride."""
Havfruens Spaadom;"""Dankonning han lader en Havfru gribe,
— Den Havfru danser paa Tilje. —
og den lader han i Taarnet knibe.
For hun fremmed ikke hans Vilje.

Kongen vilde have den Havfrus Liv,
— Den Havfru danser paa Tilje. —
for hun havde sænket hans Snækker syv.
Da fremmed hun ikke hans Vilje.

Dronningen heder paa Svende to:
— Den Havfru danser paa Tilje. —
»I beder den Havfru ind for mig gaa!
For hun skal fremme min Vilje.«

Ind kom den Havfru, stedtes for Bord:
— Den Havfru danser paa Tilje. —
»Hvad vil I mig? Dronning! hvi send’ I mig Ord?
Jeg kan ikke fremme eders Vilje.«

Dronning klapper paa Hynde blaa:
— Den Havfru danser paa Tilje. —
»Vilt du, Havfru! her hvile paa?
Alt skalt du fremme min Vilje.«

»Hvi ville I saa forraade mit Liv?
— Den Havfru danser paa Tilje. —
dèr ligger under den hvasse Kniv.
Hvor kunde jeg fremme eders Vilje«

»Vidste du dette, saa vedst du mer,
— Den Havfru danser paa Tilje. —
du sig mig af min Skæbne fler!
Saa kanst du fremme min Vilje.«

»I er eder med de Sønner tre,
— Den Havfru danser paa Tilje. —
eders unge Liv lader I for de.
Nu haver jeg fremmet eders Vilje.

Den ene skal Konning i Danmark være,
— Den Havfru danser paa Tilje. —
den anden skal Kronen af røde Guld bære.
Nu haver jeg fremmet eders Vilje.

Den tredje skal vorde saa vis en Mand,
— Den Havfru danser paa Tilje. —
eders unge Liv lader I for ham.
Nu haver jeg fremmet eders Vilje.«

Hun klædte den Havfru i Skarlagen rød,
— Den Havfru danser paa Tilje. —
fulgte hende til Strande med alle sine Mø’r.
For hun havde fremmet hendes Vilje.

Den Havfru satte sig paa Bølgen blaa,
— Den Havfru danser paa Tilje. —
Dronningen fælded saa modige Taar.
For hun havde fremmet hendes Vilje.

»Du tørst ikke græde for mig:
— Den Havfru danser paa Tilje. —
Himmerigs Dør stander aaben for dig.
Nu haver jeg fremmet din Vilje.«"""
Varulven;"""Ridderen og den stolte Jomfru
— Der driver Dug, falder Rim. —
de legte Guldtavel i deres Bur.
Saa raade Gud, naar vi findes!

Den første Tærning, paa Tavelbord rand,
Hr. Peder tabte, liden Kirstin vand.

Den anden Tærning, paa Tavelbord rand,
den Jomfru tabte, og Ridderen vand.

Han klapped hende ved hviden Kind:
»I mindes, liden Kirstin! nu ere I min!«

Han satte liden Kirstin paa sit Skjød,
saa gav han hende det Guld saa rød.

Liden Kirstin hun drager de røde Guldbaand,
end vrider den Jomfru sin hvide Haand.

»Hvad heller sørger I for Sadel eller Hest?
eller sørger I, for jeg haver eder fæst?«

»Selv haver jeg baade Sadel og Hest,
jeg sørger ikke for, I have mig fæst?«

Men det var mig spaat saa liden en Mø:
den vilde Varulv skulde blive min Død.«

»For den Varulv du bær ingen Fare!
selv skal jeg dig vogte og vare.«

Men det stod saa et Aar omkring:
liden Kirstin blev med saa liden en Kind.

»Hør du, liden Kirstin baade fager og fin!
en Elskovens Vise du kvæd for mig!«

»Jeg er saa trang for Brysten min:
jeg gider ikke sunget saa lystelig.«

»Est du saa trang for Brysten din,
du skynd dig snarlig af Bure min!«

»Jeg tør ikke saa silde gjennem Lunden fare,
den vilde Varulv tager paa mig Vare.«

»Da tag du mit gode Sværd ved Side!
saa frit maat du gjennem Lunden ride.«

Liden Kirstin ganger i Stalde,
hun skaader de Foler alle.«

Hun skaadde den brune, hun skaadde den graa,
den fejerste lagde hun Guldsadelen paa.

Men der hun kom i tykken Ris,
dèr blev hun Graaulven vis.

Og der hun kom til Stætte,
Graaulven dèr hende mødte.

»Min kjære Ulv! bid ikke mig!
min Silkelinde saa giver jeg dig.«

»Mig er ikke om din Silkelind:
jeg kommer snart sjælden i Kirken ind.«

»Graaulven! Graaulven! du bid ikke mig!
alt mit røde Guld giver jeg dig.«

»Min Moder hun var en Ulv saa graa:
hun bar end aldrig det røde Guld paa.«

»O, min kjære Ulv! du bid ikke mig!
min gode Gangere giver jeg dig.«

»Jeg passer ikke paa din Gangere god:
jeg drikker langt heller dit Hjærteblod.«

Liden Kirstin hun var saa snild i Sind:
hun red saa rask under grønne Lind.

Liden Kirstin klavred i Lindetop:
»Graaulv! her hinder du aldrig op!«

Graaulven tog til at tude,
det hørte de Ulve der ude.

Der sankedes sammen en Ulvehær,
de sankedes under det Lindetræ.

De Ulve kaste op Muld med Klo,
til de tinge Linden op med Rod.

Liden Kirstin hun jamred saa saare,
det hørte Hr. Peder til Gaarde.

Liden Kirstin gav saa højt et Hvin,
det hørte Hr. Peder i Bure sin.

Hr. Peder sprang til Ganger rød,
han red saa fast som Fuglen fløg.

Saa fast han red og rendte,
sin gode Ganger han sprængte.

Men der han kom udi Rosenslund,
dèr møder han Ulven med Barnet i Mund.

Hr. Peder han sit Sværd uddrog,
den vilde Varulv han i sønder hóg.

Han fandt ikke af den væne Viv,
uden Silkesærk og blodigt Hviv.

Hr. Peder han var den Død vel værd:
han faldt neder paa sit eget Sværd.

Han satte sit Sværd imod den Jord,
— Der driver Dug, falder Rim. —
og Odden rørte hans Hjærterod.
Saa raade Gud, naar vi findes!"""
Lindormen;"""Stolt Ingelille sidder i Bure,
hun slaar Guldharpen prude.
Og de legte over Volde.

Hun slog Guldharpen under Skarlagenskind.
dèr kom den Lindorm skridendes ind.

»Ingelille! Ingelille! lov du mig!
den røde Guldkrone saa giver jeg dig.«

»Forbyde det Gud og vor Frove,
jeg skulde en Lindorm love!

Hvor skulde jeg love en Lindorm saa grum!
i Gaar beiled til mig en Kongesøn from.

Hvor skulde jeg love en Lindorm saa led!
i Gaar bejled til mig en Kongesøn blid.«

»Men jeg kan ikke mere af eder faa,
da minder mig! lader mig siden gaa!«

Saa lagde hun Lin imelle:
hun minded den Lindorm med Snilde.

Der hun havde mindet den Mund saa kold,
da havde over den Mø han Vold.

Lindormen neder ad Loftet skred,
efter gik Ingelille, sine Hænder hun vred.

Der hun kom paa Højeloftssvale,
dèr mødte hun sine syv Brøder i Skare.

»Hør du, stolt Ingelille, Søster kjær!
hvi est du nu kommen i Lindormefærd?«

»Fordi er jeg er kommen i Lindormeled,
for min Lykke mig ikke bedre blev.«

Mælte det Ormen, i Græsset skred:
»Forlagt er Lykke, som vel du véd.

Al din Lykke er skreven under Sky,
og ingen kan sin Skæbne fly.«

Og der de komme i grønnen Eng,
dèr stod opredt en Silkeseng.

»Ingelille! Ingelille! gak i Sengen med Harm!
der agter en Lindorm at hvile i din Arm.«

Om Aften lagde hun sig ved en Lindorm saa kold,
om Morgen hun vaagned ved en Kongesøn bold.

Han tog stolt Ingelille i sin Favn,
gav hende Guldkrone og Dronningenavn.

»Ingelille! tag nu den Krone af Guld!
alle mine Dage jeg bliver dig huld.«
Og de legte over Volde."""
Eline af Vildenskov;"""Der ligger en Ø i Vestersø,
dèr agter en Bonde at bygge
han fører did baade Høg og Hund,
han bygger op Hus saa trygge.
De vildeste Dyr og Dyrene udi Skoven.

Han fører did baade Hund og Hane,
han agter dèr i Vinter at være
de vilde Dyr udi vilden Skov
de give fast over hannem Kære.

Han hugger ned Eg, han fælder ned Bøg,
han bygger op Hus saa faste
det mælte de Trolde, i Bjærget bo:
»Hvi monne den Bonde saa braske?«

Ud saa kom den mindste Trold,
han var ikke større end en Myre:
»Hvi monne den Kristenmand lade saa!
vi skulle ham visselig styre.«

De vare vel syv Hundrede Trolde,
de samled dennem i en Ring:
saa fore de til Bondens Gaard,
dèr vilde de sætte deres Ting.

Det da mælte den liden Trold,
han var baade led og ful:
»Og vi ville fare til Bondens Gaard
og holde med hannem vor Jul.«

Saa højt da gøde den gode Hund,
som Hyrden blæser i Horn
og saa da galed den gode Hane,
der Bonden havde givet sit Korn.

Den Bonde han ud ad Vinduet saa’,
han saa’ de Trolde saa lede:
»Hjælp nu, Gud Fader i Himmerig!
jeg ræddes for de Trolde deres Vrede.«

Bonden gjorde Kors i hver en Vraa,
og mest over Stuedør:
somme fløj Øster, og somme fløj vester,
og somme fløj langt i Nør.

Somme fløj Øster, og somme fløj vester,
og somme til Norgelands Side,
foruden den allerledeste Trold,
han agted hos Bonden at bide.

Bonden han skikked sit Folk til Bords,
som han var van at gjøre:
Trolden han satte sig ovenfor,
de turde ikke Maden røre.

Først da taled den ledeste Trold,
og saa tog han opaa:
»Bonde! jeg vil din Hustru have,
det væneste, der du aa.«

Bonden han svared det bedste han turde:
»Lad mig min Hustru beholde!
og tag du siden baade Hus og Gaard!
det haver du vel i Volde.«

»Da skal jeg tage baade Elin og dig
og træde eder under min Fod
saa vil jeg tage dit gode Gods
og sænke det neder i Flod.«

Den Bonde og hans gode Folk
de raadtes ved af stor Nød:
»Bedre er hun ene død og fortabt,
end vi blive alle for ød.«

Op da stod den uselig Bonde,
Herre Gud løse vel hans Vaande!
gav han Eline, Hustru sin,
den lede Trold udi Haande.

Det mælte Eline, Bondens Hustru,
hun fældte saa modige Taar:
»Herre Gud naade mig fattige Kvinde!
min Lykke er mig saa haard.«

Han tog hende listelig i sin Arm,
han minded hende for sin Mund:
og saa blev han den gjæveste Ridder,
der gange maatte paa Grund.

»Hav Tak, du ædelig Bondens Viv!
jeg priser dig, mens jeg maa leve
vilt du nu have din Bonde eller mig?
jeg vil dig Kaaret give.

Hør det, Eline Bondens Hustru!
og vilt du vorde min Viv:
alt det Guld, i Engelland er,
og det vil jeg dig give.

Jeg var mig saa lidet et Barn,
der mig faldt Moder fraa:
min Stifmoder mig forskabte,
hun gjorde min Lykke saa haard.

Nu vil jeg give Bonde din
baade Guld og Gods og Ære
saa Mænd véd, Eline Bondens Hustru!
du bliv min Hjærtenskjære!«

Mælte det Bondens væne Hustru,
hun mælte saa brat et Ord:
»Jeg haver mig saa god en Bonde,
som gange maa opaa Jord.

Du ædelig Ridder, du tak din Gud,
som dig haver frelst af Vaade!
og lov du dig en Ridders Barn!
saa leve vi i Freden baade.«
De vildeste Dyr og Dyrene udi Skoven."""